CREATE DATABASE  IF NOT EXISTS `mydb` /*!40100 DEFAULT CHARACTER SET utf8mb4 COLLATE utf8mb4_0900_ai_ci */ /*!80016 DEFAULT ENCRYPTION='N' */;
USE `mydb`;
-- MySQL dump 10.13  Distrib 8.0.38, for Win64 (x86_64)
--
-- Host: localhost    Database: mydb
-- ------------------------------------------------------
-- Server version	9.0.1

/*!40101 SET @OLD_CHARACTER_SET_CLIENT=@@CHARACTER_SET_CLIENT */;
/*!40101 SET @OLD_CHARACTER_SET_RESULTS=@@CHARACTER_SET_RESULTS */;
/*!40101 SET @OLD_COLLATION_CONNECTION=@@COLLATION_CONNECTION */;
/*!50503 SET NAMES utf8 */;
/*!40103 SET @OLD_TIME_ZONE=@@TIME_ZONE */;
/*!40103 SET TIME_ZONE='+00:00' */;
/*!40014 SET @OLD_UNIQUE_CHECKS=@@UNIQUE_CHECKS, UNIQUE_CHECKS=0 */;
/*!40014 SET @OLD_FOREIGN_KEY_CHECKS=@@FOREIGN_KEY_CHECKS, FOREIGN_KEY_CHECKS=0 */;
/*!40101 SET @OLD_SQL_MODE=@@SQL_MODE, SQL_MODE='NO_AUTO_VALUE_ON_ZERO' */;
/*!40111 SET @OLD_SQL_NOTES=@@SQL_NOTES, SQL_NOTES=0 */;

--
-- Table structure for table `events`
--

DROP TABLE IF EXISTS `events`;
/*!40101 SET @saved_cs_client     = @@character_set_client */;
/*!50503 SET character_set_client = utf8mb4 */;
CREATE TABLE `events` (
  `id` int NOT NULL AUTO_INCREMENT,
  `datetime` date NOT NULL,
  `well` varchar(45) NOT NULL,
  `esp_type` varchar(45) NOT NULL,
  `label` varchar(45) NOT NULL,
  PRIMARY KEY (`id`)
) ENGINE=InnoDB AUTO_INCREMENT=67 DEFAULT CHARSET=utf8mb4 COLLATE=utf8mb4_0900_ai_ci;
/*!40101 SET character_set_client = @saved_cs_client */;

--
-- Dumping data for table `events`
--

LOCK TABLES `events` WRITE;
/*!40000 ALTER TABLE `events` DISABLE KEYS */;
INSERT INTO `events` VALUES (1,'2020-08-14','well_1','5-30-2250','Mehanicke primese'),(2,'2021-12-20','well_1','5-30-2100','Talozenje kamenca'),(3,'2020-04-21','well_2','5A-35-2000','Mehanicke primese'),(4,'2023-01-04','well_3','5-30-950','Talozenje kamenca'),(5,'2024-02-06','well_4','5-30-1900','Nehermeticnost kompozicije tubinga'),(6,'2024-03-22','well_5','5-30-1400','Mehanicke primese'),(7,'2023-06-11','well_6','5-30-1600','Nehermeticnost kompozicije tubinga'),(8,'2020-06-27','well_7','5-30-1500','Nehermeticnost kompozicije tubinga'),(9,'2021-12-28','well_8','5-50-2100','Mehanicke primese'),(10,'2020-12-06','well_8','5-30-2100','Mehanicke primese'),(11,'2020-10-18','well_9','5-30-2250','Nehermeticnost kompozicije tubinga'),(12,'2023-01-04','well_9','5-30-2100','Nehermeticnost kompozicije tubinga'),(13,'2024-05-07','well_9','5-30-2100','Nehermeticnost kompozicije tubinga'),(14,'2024-02-25','well_10','5-30-1900','Nehermeticnost kompozicije tubinga'),(15,'2023-05-23','well_11','5A-35-2200','Nehermeticnost kompozicije tubinga'),(16,'2023-12-17','well_11','5A-35-2200','Nehermeticnost kompozicije tubinga'),(17,'2020-03-13','well_12','4-20-2250','Mehanicke primese'),(18,'2023-10-03','well_13','5-30-1900','Nehermeticnost kompozicije tubinga'),(19,'2021-06-26','well_14','4-20-2250','Mehanicke primese'),(20,'2022-04-28','well_15','5A-35-1800','Nehermeticnost kompozicije tubinga'),(21,'2024-04-20','well_16','5-50-950','Nehermeticnost kompozicije tubinga'),(22,'2020-07-16','well_17','5-30-950','Nehermeticnost kompozicije tubinga'),(23,'2022-09-07','well_17','5-50-750','Nehermeticnost kompozicije tubinga'),(24,'2024-02-05','well_18','5-80-900','Mehanicke primese'),(25,'2024-05-05','well_19','5-30-1500','Mehanicke primese'),(26,'2023-07-04','well_20','5-80-1200','Nehermeticnost kompozicije tubinga'),(27,'2023-06-24','well_21','5-30-950','Mehanicke primese'),(28,'2020-08-02','well_22','5-30-1500','Mehanicke primese'),(29,'2021-01-25','well_23','5-30-1500','Talozenje kamenca'),(30,'2022-03-17','well_24','5-30-950','Mehanicke primese'),(31,'2023-01-18','well_24','5-30-950','Mehanicke primese'),(32,'2023-01-19','well_25','5-30-1300','Mehanicke primese'),(33,'2023-07-03','well_25','5-30-1200','Talozenje kamenca'),(34,'2023-05-17','well_26','5-30-900','Mehanicke primese'),(35,'2024-04-16','well_26','5-30-700','Mehanicke primese'),(36,'2023-05-01','well_27','5-30-950','Mehanicke primese'),(37,'2023-10-14','well_28','5-30-1200','Mehanicke primese'),(38,'2024-06-10','well_29','5-30M-980','Mehanicke primese'),(39,'2022-04-27','well_30','5-30-1600+MNFB','Mehanicke primese'),(40,'2023-11-08','well_31','5-30-950','Mehanicke primese'),(41,'2022-03-17','well_32','4-20-750','Mehanicke primese'),(42,'2022-09-02','well_33','5-30-1600','Mehanicke primese'),(43,'2023-11-06','well_34','5-30-900','Mehanicke primese'),(44,'2023-05-06','well_35','5-30-2250','Talozenje kamenca'),(45,'2022-04-02','well_36','5-30-950','Mehanicke primese'),(46,'2022-12-14','well_36','5-30-2250','Mehanicke primese'),(47,'2023-05-29','well_36','5-30-2250','Mehanicke primese'),(48,'2023-09-10','well_36','5-30-2250','Mehanicke primese'),(49,'2020-02-20','well_37','5A-35-1800','Mehanicke primese'),(50,'2020-07-08','well_37','5-30-1900','Mehanicke primese'),(51,'2021-07-25','well_38','5A-35-1800','Mehanicke primese'),(52,'2020-01-19','well_39','5A-35-2200','Talozenje kamenca'),(53,'2020-08-31','well_40','5-30-750','Nehermeticnost kompozicije tubinga'),(54,'2024-05-19','well_41','5-30-1800','Nehermeticnost kompozicije tubinga'),(55,'2020-03-15','well_42','5-30-2100','Talozenje kamenca'),(56,'2020-04-22','well_42','5-30-2100','Mehanicke primese'),(57,'2020-04-29','well_42','5-30-2250','Mehanicke primese'),(58,'2023-03-10','well_43','5-30-1900','Nehermeticnost kompozicije tubinga'),(59,'2023-06-18','well_44','5-50-2250','Mehanicke primese'),(60,'2023-12-18','well_44','5-30-2250','Mehanicke primese'),(61,'2023-07-23','well_45','5-30-2100','Talozenje kamenca'),(62,'2022-05-27','well_46','5-30-2250','Talozenje kamenca'),(63,'2021-08-05','well_47','5-30-2100','Talozenje kamenca'),(64,'2023-12-07','well_48','5-30-500','Mehanicke primese'),(65,'2020-01-03','well_49','5-15-800','Mehanicke primese'),(66,'2023-04-09','well_50','5-15-800','Mehanicke primese');
/*!40000 ALTER TABLE `events` ENABLE KEYS */;
UNLOCK TABLES;

--
-- Table structure for table `info`
--

DROP TABLE IF EXISTS `info`;
/*!40101 SET @saved_cs_client     = @@character_set_client */;
/*!50503 SET character_set_client = utf8mb4 */;
CREATE TABLE `info` (
  `id` int NOT NULL,
  `well` varchar(45) DEFAULT NULL,
  `lokacija` varchar(45) DEFAULT NULL,
  PRIMARY KEY (`id`)
) ENGINE=InnoDB DEFAULT CHARSET=utf8mb4 COLLATE=utf8mb4_0900_ai_ci;
/*!40101 SET character_set_client = @saved_cs_client */;

--
-- Dumping data for table `info`
--

LOCK TABLES `info` WRITE;
/*!40000 ALTER TABLE `info` DISABLE KEYS */;
INSERT INTO `info` VALUES (0,'well_1','Belgrade'),(3,'well_2','Kragujevac'),(4,'well_3','Subotica'),(5,'well_4','Zrenjanin'),(6,'well_5','Čačak'),(7,'well_6','Leskovac'),(8,'well_7','Senta'),(10,'well_8','Šabac'),(13,'well_9','Užice'),(14,'well_10','Sremska Mitrovica'),(16,'well_11','Senta'),(17,'well_12','Nova Pazova'),(18,'well_13','Ruma'),(19,'well_14','Pančevo'),(20,'well_15','Kopaonik'),(21,'well_16','Mali Zvornik'),(22,'well_17','Ruma'),(24,'well_18','Tuzla'),(25,'well_19','Senta'),(26,'well_20','Zlatibor'),(27,'well_21','Kopaonik'),(28,'well_22','Valjevo'),(30,'well_24','Subotica'),(33,'well_25','Belgrade'),(34,'well_26','Leskovac'),(36,'well_27','Užice'),(37,'well_28','Vranje'),(38,'well_29','Kraljevo'),(39,'well_30','Sremska Mitrovica'),(40,'well_31','Zlatibor'),(41,'well_32','Pirot'),(42,'well_33','Mali Zvornik'),(43,'well_34','Leskovac'),(44,'well_35','Novi Sad'),(45,'well_36','Belgrade'),(49,'well_37','Valjevo'),(51,'well_38','Ruma'),(52,'well_39','Kragujevac'),(53,'well_40','Novi Sad'),(54,'well_41','Zrenjanin'),(57,'well_42','Kraljevo'),(58,'well_43','Užice'),(60,'well_44','Mali Zvornik'),(61,'well_45','Senta'),(62,'well_46','Zlatibor'),(63,'well_47','Čačak'),(64,'well_48','Kopaonik'),(65,'well_49','Vranje'),(66,'well_50','Pirot');
/*!40000 ALTER TABLE `info` ENABLE KEYS */;
UNLOCK TABLES;

--
-- Table structure for table `ml`
--

DROP TABLE IF EXISTS `ml`;
/*!40101 SET @saved_cs_client     = @@character_set_client */;
/*!50503 SET character_set_client = utf8mb4 */;
CREATE TABLE `ml` (
  `id` int NOT NULL,
  `datetime` datetime DEFAULT NULL,
  `model` blob,
  PRIMARY KEY (`id`)
) ENGINE=InnoDB DEFAULT CHARSET=utf8mb4 COLLATE=utf8mb4_0900_ai_ci;
/*!40101 SET character_set_client = @saved_cs_client */;

--
-- Dumping data for table `ml`
--

LOCK TABLES `ml` WRITE;
/*!40000 ALTER TABLE `ml` DISABLE KEYS */;
/*!40000 ALTER TABLE `ml` ENABLE KEYS */;
UNLOCK TABLES;

--
-- Table structure for table `predikcije`
--

DROP TABLE IF EXISTS `predikcije`;
/*!40101 SET @saved_cs_client     = @@character_set_client */;
/*!50503 SET character_set_client = utf8mb4 */;
CREATE TABLE `predikcije` (
  `well` varchar(50) NOT NULL,
  `days` int DEFAULT NULL,
  `decision` int DEFAULT NULL,
  PRIMARY KEY (`well`)
) ENGINE=InnoDB DEFAULT CHARSET=utf8mb4 COLLATE=utf8mb4_0900_ai_ci;
/*!40101 SET character_set_client = @saved_cs_client */;

--
-- Dumping data for table `predikcije`
--

LOCK TABLES `predikcije` WRITE;
/*!40000 ALTER TABLE `predikcije` DISABLE KEYS */;
INSERT INTO `predikcije` VALUES ('well_1',0,0),('well_10',0,0),('well_11',0,0),('well_12',0,0),('well_13',0,0),('well_14',0,0),('well_15',0,0),('well_16',0,0),('well_17',0,0),('well_18',0,0),('well_19',0,0),('well_2',0,0),('well_20',0,0),('well_21',0,0),('well_22',0,0),('well_23',0,0),('well_24',0,0),('well_25',0,0),('well_26',0,0),('well_27',0,0),('well_28',0,0),('well_29',0,0),('well_3',0,0),('well_30',0,0),('well_31',0,0),('well_32',1,0),('well_33',-3,0),('well_34',1,0),('well_35',139,14),('well_4',0,0),('well_5',0,0),('well_6',0,0),('well_7',0,0),('well_8',0,0),('well_9',0,0);
/*!40000 ALTER TABLE `predikcije` ENABLE KEYS */;
UNLOCK TABLES;

--
-- Table structure for table `telemetry`
--

DROP TABLE IF EXISTS `telemetry`;
/*!40101 SET @saved_cs_client     = @@character_set_client */;
/*!50503 SET character_set_client = utf8mb4 */;
CREATE TABLE `telemetry` (
  `id` int NOT NULL AUTO_INCREMENT,
  `well` text,
  `measure_date` datetime DEFAULT NULL,
  `napon_ab` text,
  `napon_bc` text,
  `napon_ca` text,
  `elektricna_struja_fazaa` text,
  `elektricna_struja_fazab` text,
  `elektricna_struja_fazac` text,
  `koeficijent_kapaciteta` text,
  `frekvencija` text,
  `radno_opterecenje` text,
  `aktivna_snaga` text,
  `pritisak_na_prijemu_pumpe` text,
  `temperatura_motora` text,
  `temperatura_u_busotini` text,
  PRIMARY KEY (`id`)
) ENGINE=InnoDB AUTO_INCREMENT=719 DEFAULT CHARSET=utf8mb4 COLLATE=utf8mb4_0900_ai_ci;
/*!40101 SET character_set_client = @saved_cs_client */;

--
-- Dumping data for table `telemetry`
--

LOCK TABLES `telemetry` WRITE;
/*!40000 ALTER TABLE `telemetry` DISABLE KEYS */;
INSERT INTO `telemetry` VALUES (1,'well_1','2020-06-01 00:00:08','','404.0','','','','','','','','','','',''),(2,'well_1','2020-06-01 00:00:19','404.0','406.0','404.0','','','','','','','','','','126.0'),(3,'well_1','2020-06-01 00:01:02','','','406.0','','','','','','','','','',''),(4,'well_1','2020-06-01 00:02:33','','','','','','','','','','','133.0','',''),(5,'well_1','2020-06-01 00:03:32','406.0','408.0','408.0','','','','','','','','','',''),(6,'well_1','2020-06-01 00:05:04','404.0','404.0','404.0','','','','','','','','','',''),(7,'well_1','2020-06-01 00:06:03','','408.0','','','','','','','','','','','127.0'),(8,'well_1','2020-06-01 00:07:29','','','408.0','','','','','','','','','126.0',''),(9,'well_1','2020-06-01 00:08:38','406.0','406.0','','','','','','','','','','',''),(10,'well_1','2020-06-01 00:09:05','404.0','','404.0','','','','','','','','','',''),(11,'well_1','2020-06-01 00:11:09','','404.0','','','','','','','','','','',''),(12,'well_1','2020-06-01 00:13:07','','406.0','','','','','','','','','','',''),(13,'well_1','2020-06-01 00:13:29','403.0','','','','','','','','','','','',''),(14,'well_1','2020-06-01 00:14:06','','404.0','','','','','','','','','134.0','',''),(15,'well_1','2020-06-01 00:15:05','399.0','401.0','399.0','','','','','','','','','',''),(16,'well_1','2020-06-01 00:16:04','','399.0','397.0','','','','','','','','','',''),(17,'well_1','2020-06-01 00:17:29','397.0','401.0','','','','','','','','','','127.0',''),(18,'well_1','2020-06-01 00:18:55','','','','','','','','','','','','','128.0'),(19,'well_1','2020-06-01 00:20:05','','399.0','399.0','','','','','','','','','',''),(20,'well_1','2020-06-01 00:21:04','','401.0','','','','','','','','','','',''),(21,'well_1','2020-06-01 00:25:00','399.0','','','','','','','','','','','',''),(22,'well_1','2020-06-01 00:27:15','401.0','403.0','401.0','','','','','','','','','','129.0'),(23,'well_1','2020-06-01 00:28:39','390.0','394.0','389.0','11.0','11.0','12.0','98.0','41.5','46.0','21.0','','128.0',''),(24,'well_1','2020-06-01 00:28:50','','392.0','392.0','10.0','10.0','11.0','','','42.0','17.0','','',''),(25,'well_1','2020-06-01 00:29:06','','','','','','10.0','','','','16.0','','',''),(26,'well_1','2020-06-01 00:30:06','392.0','','','','','','','','41.0','','','',''),(27,'well_1','2020-06-01 00:31:05','384.0','389.0','384.0','','','','','','','','','','128.0'),(28,'well_1','2020-06-01 00:32:14','','385.0','','11.0','11.0','11.0','','','46.0','18.0','','',''),(29,'well_1','2020-06-01 00:33:30','385.0','389.0','385.0','12.0','12.0','12.0','','','48.0','19.0','','',''),(30,'well_1','2020-06-01 00:34:02','','','','','','','','','49.0','20.0','','',''),(31,'well_1','2020-06-01 00:35:01','','','','','','13.0','','','50.0','','133.0','','127.0'),(32,'well_1','2020-06-01 00:36:06','','','','','','','97.0','','','','','',''),(33,'well_1','2020-06-01 00:37:20','','','387.0','','','','','','','','','',''),(34,'well_1','2020-06-01 00:38:19','387.0','','385.0','','','','','','','','132.0','127.0','126.0'),(35,'well_1','2020-06-01 00:40:07','384.0','','','','','','','','','','131.0','',''),(36,'well_1','2020-06-01 00:41:06','387.0','','','','','','','','','','','',''),(37,'well_1','2020-06-01 00:41:59','','','384.0','','','','','','','','','',''),(38,'well_1','2020-06-01 00:43:25','385.0','387.0','','','','','','','','','','126.0','125.0'),(39,'well_1','2020-06-01 00:44:08','','389.0','387.0','','','','','','','','','',''),(40,'well_1','2020-06-01 00:45:07','370.0','397.0','','','','','','','','','','',''),(41,'well_1','2020-06-01 00:46:06','371.0','','','','','','','','','','','',''),(42,'well_1','2020-06-01 00:48:42','','394.0','','','','','','','','','','125.0',''),(43,'well_1','2020-06-01 00:49:09','','397.0','','','','','','','','','','',''),(44,'well_1','2020-06-01 00:52:11','373.0','','','','','','','','','','','',''),(45,'well_1','2020-06-01 00:53:27','382.0','408.0','397.0','0.0','0.0','0.0','100.0','0.0','0.0','0.0','130.0','',''),(46,'well_1','2020-06-01 00:54:04','','','','','','','','','','','131.0','',''),(47,'well_1','2020-06-01 00:56:08','397.0','397.0','','','','','','','','','','',''),(48,'well_1','2020-06-01 00:58:06','','','','','','','','','','','132.0','',''),(49,'well_1','2020-06-01 00:59:59','396.0','','','','','','','','','','','','126.0'),(50,'well_1','2020-06-01 01:02:13','','','','','','','','','','','133.0','',''),(51,'well_1','2020-06-01 01:03:29','399.0','','','','','','','','','','','',''),(52,'well_1','2020-06-01 01:04:01','','401.0','','','','','','','','','','',''),(53,'well_1','2020-06-01 01:05:05','','397.0','','','','','','','','','','',''),(54,'well_1','2020-06-01 01:06:04','','','','','','','','','','','','','127.0'),(55,'well_1','2020-06-01 01:08:40','','','399.0','','','','','','','','','126.0',''),(56,'well_1','2020-06-01 01:10:06','401.0','401.0','401.0','','','','','','','','','',''),(57,'well_1','2020-06-01 01:12:36','403.0','403.0','403.0','','','','','','','','','',''),(58,'well_1','2020-06-01 01:14:07','','','404.0','','','','','','','','','',''),(59,'well_1','2020-06-01 01:15:06','404.0','406.0','','','','','','','','','134.0','',''),(60,'well_1','2020-06-01 01:17:10','401.0','403.0','401.0','','','','','','','','','',''),(61,'well_1','2020-06-01 01:18:41','403.0','','','','','','','','','','','127.0',''),(62,'well_1','2020-06-01 01:19:08','401.0','404.0','403.0','','','','','','','','','','128.0'),(63,'well_1','2020-06-01 01:20:07','403.0','','','','','','','','','','','',''),(64,'well_1','2020-06-01 01:21:05','','403.0','','','','','','','','','','',''),(65,'well_1','2020-06-01 01:23:29','','','404.0','','','','','','','','','',''),(66,'well_1','2020-06-01 01:24:01','401.0','','401.0','','','','','','','','','',''),(67,'well_1','2020-06-01 01:26:05','403.0','','403.0','','','','','','','','','',''),(68,'well_1','2020-06-01 01:28:31','390.0','396.0','390.0','11.0','11.0','11.0','98.0','41.5','44.0','19.0','','','129.0'),(69,'well_1','2020-06-01 01:28:36','','392.0','389.0','10.0','10.0','','','','42.0','16.0','','',''),(70,'well_1','2020-06-01 01:29:08','','394.0','390.0','','','10.0','','','','','','128.0',''),(71,'well_1','2020-06-01 01:30:02','392.0','396.0','','','','','','','41.0','','','',''),(72,'well_1','2020-06-01 01:31:02','','','394.0','','','','','','','','','',''),(73,'well_1','2020-06-01 01:32:12','','','','','','','','','','','','','128.0'),(74,'well_1','2020-06-01 01:33:12','394.0','397.0','396.0','11.0','11.0','12.0','','','46.0','18.0','','',''),(75,'well_1','2020-06-01 01:34:06','392.0','','','12.0','12.0','','','','49.0','20.0','','',''),(76,'well_1','2020-06-01 01:35:05','','','392.0','','','13.0','','','50.0','','133.0','','127.0'),(77,'well_1','2020-06-01 01:36:04','394.0','','396.0','','','','','','','','','',''),(78,'well_1','2020-06-01 01:38:35','','396.0','','','','','97.0','','','','132.0','',''),(79,'well_1','2020-06-01 01:39:07','392.0','','392.0','','','','','','','','','127.0','126.0'),(80,'well_1','2020-06-01 01:40:06','394.0','','396.0','','','','','','','','','',''),(81,'well_1','2020-06-01 01:41:05','392.0','','','','','','','','','','131.0','',''),(82,'well_1','2020-06-01 01:43:41','','','','','','','','','51.0','21.0','','126.0','125.0'),(83,'well_1','2020-06-01 01:44:03','','','','13.0','13.0','','','','','','','',''),(84,'well_1','2020-06-01 01:45:07','','','','','','','','','52.0','','','',''),(85,'well_1','2020-06-01 01:47:01','','','394.0','','','','','','','','','',''),(86,'well_1','2020-06-01 01:48:37','','','392.0','','','','','','53.0','','','125.0',''),(87,'well_1','2020-06-01 01:50:03','','','','','','','','','52.0','','','',''),(88,'well_1','2020-06-01 01:51:03','377.0','403.0','','','','','','','','','','',''),(89,'well_1','2020-06-01 01:52:13','','404.0','','','','','','','','','','',''),(90,'well_1','2020-06-01 01:53:34','385.0','411.0','404.0','0.0','0.0','0.0','100.0','0.0','0.0','0.0','','',''),(91,'well_1','2020-06-01 01:53:45','','413.0','','','','','','','','','','',''),(92,'well_1','2020-06-01 01:54:07','','','','','','','','','','','130.0','',''),(93,'well_1','2020-06-01 01:55:06','','','','','','','','','','','131.0','',''),(94,'well_1','2020-06-01 01:58:31','387.0','','','','','','','','','','132.0','',''),(95,'well_1','2020-06-01 02:00:02','','411.0','','','','','','','','','','','126.0'),(96,'well_1','2020-06-01 02:01:01','','415.0','','','','','','','','','133.0','',''),(97,'well_1','2020-06-01 02:02:11','404.0','404.0','','','','','','','','','','',''),(98,'well_1','2020-06-01 02:03:32','','','406.0','','','','','','','','','',''),(99,'well_1','2020-06-01 02:04:04','','','404.0','','','','','','','','','','127.0'),(100,'well_1','2020-06-01 02:06:06','','','','','','','','','','','','126.0',''),(101,'well_1','2020-06-01 02:07:31','406.0','','','','','','','','','','','',''),(102,'well_1','2020-06-01 02:10:02','','','406.0','','','','','','','','','',''),(103,'well_1','2020-06-01 02:13:31','','408.0','','','','','','','','','','',''),(104,'well_1','2020-06-01 02:14:03','','','408.0','','','','','','','','','',''),(105,'well_1','2020-06-01 02:16:01','','','404.0','','','','','','','','','',''),(106,'well_1','2020-06-01 02:17:43','','','','','','','','','','','134.0','127.0',''),(107,'well_1','2020-06-01 02:19:10','404.0','','','','','','','','','','','','128.0'),(108,'well_1','2020-06-01 02:20:04','406.0','404.0','','','','','','','','','','',''),(109,'well_1','2020-06-01 02:21:09','404.0','','','','','','','','','','','',''),(110,'well_1','2020-06-01 02:23:17','','406.0','406.0','','','','','','','','','',''),(111,'well_1','2020-06-01 02:24:05','','408.0','','','','','','','','','','',''),(112,'well_1','2020-06-01 02:27:30','','','408.0','','','','','','','','','',''),(113,'well_1','2020-06-01 02:28:23','397.0','399.0','397.0','10.0','10.0','11.0','98.0','41.5','43.0','21.0','','','129.0'),(114,'well_1','2020-06-01 02:28:29','','','','','','10.0','','','42.0','16.0','','',''),(115,'well_1','2020-06-01 02:29:06','','397.0','','','','','','','41.0','','','',''),(116,'well_1','2020-06-01 02:30:00','','','','','','','','','','','','128.0',''),(117,'well_1','2020-06-01 02:31:04','396.0','','394.0','','','','','','','','','','128.0'),(118,'well_1','2020-06-01 02:32:09','','','396.0','','','','','','','','','',''),(119,'well_1','2020-06-01 02:33:13','397.0','399.0','','','','11.0','','','43.0','','','',''),(120,'well_1','2020-06-01 02:34:02','','','','12.0','12.0','12.0','','','48.0','19.0','','',''),(121,'well_1','2020-06-01 02:35:06','396.0','','','','','','','','49.0','20.0','133.0','','127.0'),(122,'well_1','2020-06-01 02:37:47','','','','','','13.0','','','50.0','','','',''),(123,'well_1','2020-06-01 02:38:30','','','','','','','','','','','132.0','',''),(124,'well_1','2020-06-01 02:39:08','390.0','394.0','392.0','','','','','','','','','127.0','126.0'),(125,'well_1','2020-06-01 02:40:02','','','','','','','','','','','131.0','',''),(126,'well_1','2020-06-01 02:41:01','','','389.0','','','','','','','','','',''),(127,'well_1','2020-06-01 02:43:21','389.0','392.0','','','','','','','51.0','','','126.0','125.0'),(128,'well_1','2020-06-01 02:44:04','390.0','394.0','392.0','13.0','13.0','','97.0','','','21.0','','',''),(129,'well_1','2020-06-01 02:45:08','','396.0','','','','','','','','','','',''),(130,'well_1','2020-06-01 02:46:07','389.0','394.0','389.0','','','','','','','','','',''),(131,'well_1','2020-06-01 02:48:00','390.0','396.0','392.0','','','','','','','','','',''),(132,'well_1','2020-06-01 02:48:33','373.0','401.0','','','12.0','','','','','','','125.0',''),(133,'well_1','2020-06-01 02:48:59','','403.0','','12.0','','','','','50.0','20.0','','',''),(134,'well_1','2020-06-01 02:50:04','377.0','','','','','','','','','','','',''),(135,'well_1','2020-06-01 02:52:12','375.0','399.0','389.0','','','','','','','','','',''),(136,'well_1','2020-06-01 02:53:38','384.0','411.0','401.0','0.0','0.0','0.0','100.0','0.0','0.0','0.0','','',''),(137,'well_1','2020-06-01 02:53:55','','','','','','','','','','','130.0','',''),(138,'well_1','2020-06-01 02:54:05','','','','','','','','','','','131.0','',''),(139,'well_1','2020-06-01 02:56:09','385.0','','','','','','','','','','','',''),(140,'well_1','2020-06-01 02:57:02','401.0','401.0','','','','','','','','','132.0','',''),(141,'well_1','2020-06-01 02:58:34','399.0','','','','','','','','','','','',''),(142,'well_1','2020-06-01 02:59:00','','','399.0','','','','','','','','','',''),(143,'well_1','2020-06-01 03:00:05','397.0','','','','','','','','','','','','126.0'),(144,'well_1','2020-06-01 03:02:30','','399.0','','','','','','','','','133.0','',''),(145,'well_1','2020-06-01 03:04:07','','403.0','','','','','','','','','','',''),(146,'well_1','2020-06-01 03:06:09','401.0','','403.0','','','','','','','','','','127.0'),(147,'well_1','2020-06-01 03:07:34','','','','','','','','','','','','126.0',''),(148,'well_1','2020-06-01 03:08:22','','','399.0','','','','','','','','','',''),(149,'well_1','2020-06-01 03:11:09','','401.0','','','','','','','','','','',''),(150,'well_1','2020-06-01 03:13:11','397.0','399.0','397.0','','','','','','','','','',''),(151,'well_1','2020-06-01 03:13:38','399.0','','','','','','','','','','','',''),(152,'well_1','2020-06-01 03:14:10','','401.0','399.0','','','','','','','','','',''),(153,'well_1','2020-06-01 03:15:03','','403.0','','','','','','','','','134.0','',''),(154,'well_1','2020-06-01 03:16:02','401.0','','','','','','','','','','','',''),(155,'well_1','2020-06-01 03:17:12','','','401.0','','','','','','','','','',''),(156,'well_1','2020-06-01 03:18:17','','404.0','403.0','','','','','','','','','127.0','128.0'),(157,'well_1','2020-06-01 03:19:05','403.0','403.0','','','','','','','','','','',''),(158,'well_1','2020-06-01 03:20:04','','404.0','','','','','','','','','','',''),(159,'well_1','2020-06-01 03:22:08','404.0','406.0','404.0','','','','','','','','','',''),(160,'well_1','2020-06-01 03:24:06','401.0','403.0','','','','','','','','','','',''),(161,'well_1','2020-06-01 03:25:05','404.0','','','','','','','','','','','',''),(162,'well_1','2020-06-01 03:26:04','','408.0','406.0','','','','','','','','','','129.0'),(163,'well_1','2020-06-01 03:28:28','396.0','397.0','396.0','11.0','11.0','11.0','98.0','41.5','44.0','19.0','','',''),(164,'well_1','2020-06-01 03:28:33','394.0','','','10.0','10.0','10.0','','','42.0','16.0','','128.0',''),(165,'well_1','2020-06-01 03:29:05','','','','','','','','','41.0','','','',''),(166,'well_1','2020-06-01 03:32:13','','','397.0','','','','','','','','','','128.0'),(167,'well_1','2020-06-01 03:33:12','397.0','401.0','','11.0','11.0','11.0','','','45.0','17.0','','',''),(168,'well_1','2020-06-01 03:34:06','394.0','','396.0','12.0','12.0','12.0','','','49.0','20.0','133.0','',''),(169,'well_1','2020-06-01 03:35:05','','','','','','13.0','','','50.0','','','',''),(170,'well_1','2020-06-01 03:36:05','','','397.0','','','','','','','','','','127.0'),(171,'well_1','2020-06-01 03:37:09','','','','','','','','','51.0','','','',''),(172,'well_1','2020-06-01 03:38:35','','','396.0','','','','','','','21.0','132.0','',''),(173,'well_1','2020-06-01 03:39:07','397.0','','397.0','','','','','','','','','127.0','126.0'),(174,'well_1','2020-06-01 03:40:06','','399.0','','','','','','','','','131.0','',''),(175,'well_1','2020-06-01 03:41:05','394.0','401.0','','','','','','','','','','',''),(176,'well_1','2020-06-01 03:43:08','','','','','','','','','','20.0','','',''),(177,'well_1','2020-06-01 03:43:50','','','','','','','','','','21.0','','',''),(178,'well_1','2020-06-01 03:44:01','397.0','','','13.0','13.0','','97.0','','','','','126.0','125.0'),(179,'well_1','2020-06-01 03:45:00','396.0','','','','12.0','','','','','','','',''),(180,'well_1','2020-06-01 03:46:05','380.0','408.0','','12.0','','','','','50.0','20.0','','',''),(181,'well_1','2020-06-01 03:48:41','','','394.0','','','','','','','','','125.0',''),(182,'well_1','2020-06-01 03:53:36','389.0','416.0','408.0','0.0','0.0','0.0','100.0','0.0','0.0','0.0','130.0','',''),(183,'well_1','2020-06-01 03:54:03','390.0','','','','','','','','','','','',''),(184,'well_1','2020-06-01 03:55:02','','','','','','','','','','','131.0','',''),(185,'well_1','2020-06-01 03:56:01','408.0','408.0','','','','','','','','','','',''),(186,'well_1','2020-06-01 03:57:16','406.0','','','','','','','','','','','',''),(187,'well_1','2020-06-01 04:00:03','','','','','','','','','','','132.0','',''),(188,'well_1','2020-06-01 04:00:09','','410.0','','','','','','','','','','',''),(189,'well_1','2020-06-01 04:00:14','408.0','','','','','','','','','','','','126.0'),(190,'well_1','2020-06-01 04:03:44','','','','','','','','','','','133.0','',''),(191,'well_1','2020-06-01 04:04:00','406.0','','','','','','','','','','','',''),(192,'well_1','2020-06-01 04:07:08','','','','','','','','','','','','','127.0'),(193,'well_1','2020-06-01 04:08:28','','','','','','','','','','','','126.0',''),(194,'well_1','2020-06-01 04:10:05','408.0','','','','','','','','','','','',''),(195,'well_1','2020-06-01 04:12:25','404.0','','','','','','','','','','','',''),(196,'well_1','2020-06-01 04:16:05','404.0','','','','','','','','','','','',''),(197,'well_1','2020-06-01 04:18:30','','','','','','','','','','','134.0','',''),(198,'well_1','2020-06-01 04:19:08','','408.0','','','','','','','','','','',''),(199,'well_1','2020-06-01 04:20:01','408.0','','','','','','','','','','','127.0',''),(200,'well_1','2020-06-01 04:21:06','','','','','','','','','','','','','128.0'),(201,'well_2','2020-03-30 10:57:49','','','413.0','0.0','0.0','0.0','0.0','0.0','0.0','0.0','52.0','114.0','114.0'),(202,'well_2','2020-03-30 10:58:01','412.0','413.0','','','','','','','','','','',''),(203,'well_2','2020-03-30 11:15:09','413.0','','','','','','','','','','52.0','',''),(204,'well_2','2020-03-30 11:17:11','412.0','','','','','','','','','','','',''),(205,'well_2','2020-03-30 11:28:02','','412.0','412.0','','','','','','','','','',''),(206,'well_2','2020-03-30 11:32:28','','','','','','','','','','','52.0','',''),(207,'well_2','2020-03-30 11:32:33','411.0','411.0','','','','','','','','','','',''),(208,'well_2','2020-03-30 11:37:39','410.0','410.0','','','','','','','','','52.0','',''),(209,'well_2','2020-03-30 11:48:01','','','','','','','','','','','52.0','',''),(210,'well_2','2020-03-30 11:52:26','411.0','411.0','','','','','','','','','','',''),(211,'well_2','2020-03-30 12:02:38','413.0','413.0','413.0','','','','','','','','','',''),(212,'well_2','2020-03-30 12:12:52','408.0','410.0','408.0','','','','','','','','','',''),(213,'well_2','2020-03-30 12:17:12','','409.0','409.0','','','','','','','','','',''),(214,'well_2','2020-03-30 12:22:11','411.0','411.0','412.0','','','','','','','','','',''),(215,'well_2','2020-03-30 12:27:10','410.0','','411.0','','','','','','','','52.0','',''),(216,'well_2','2020-03-30 12:33:14','411.0','','412.0','','','','','','','','','',''),(217,'well_2','2020-03-30 12:37:45','','','','','','','','','','','52.0','',''),(218,'well_2','2020-03-30 12:42:10','','','','','','','','','','','52.0','',''),(219,'well_2','2020-03-30 12:42:15','410.0','410.0','','','','','','','','','','',''),(220,'well_2','2020-03-30 12:47:42','412.0','413.0','413.0','','','','','','','','','',''),(221,'well_2','2020-03-30 12:52:11','413.0','','','','','','','','','','52.0','',''),(222,'well_2','2020-03-30 12:57:08','411.0','','410.0','','','','','','','','','',''),(223,'well_2','2020-03-30 13:02:48','410.0','411.0','411.0','','','','','','','','','',''),(224,'well_2','2020-03-30 13:07:41','','','','','','','','','','','52.0','',''),(225,'well_2','2020-03-30 13:07:46','','412.0','410.0','','','','','','','','','',''),(226,'well_2','2020-03-30 13:12:46','409.0','410.0','411.0','','','','','','','','','',''),(227,'well_2','2020-03-30 13:17:16','411.0','412.0','413.0','','','','','','','','','',''),(228,'well_2','2020-03-30 13:22:13','407.0','409.0','412.0','','','','','','','','','',''),(229,'well_2','2020-03-30 13:27:45','409.0','411.0','408.0','','','','','','','','','',''),(230,'well_2','2020-03-30 13:33:05','413.0','413.0','413.0','','','','','','','','','',''),(231,'well_2','2020-03-30 13:37:19','411.0','','412.0','','','','','','','','','',''),(232,'well_2','2020-03-30 13:42:49','413.0','','413.0','','','','','','','','','',''),(233,'well_2','2020-03-30 13:47:43','411.0','411.0','412.0','','','','','','','','','',''),(234,'well_2','2020-03-30 13:52:48','410.0','410.0','','','','','','','','','','',''),(235,'well_2','2020-03-30 13:57:47','407.0','407.0','408.0','','','','','','','','','',''),(236,'well_2','2020-03-30 14:02:15','408.0','410.0','','','','','','','','','','',''),(237,'well_2','2020-03-30 14:07:29','409.0','409.0','410.0','','','','','','','','','',''),(238,'well_2','2020-03-30 14:17:26','410.0','411.0','411.0','','','','','','','','','',''),(239,'well_2','2020-03-30 14:27:15','409.0','409.0','412.0','','','','','','','','','',''),(240,'well_2','2020-03-30 14:32:14','','411.0','408.0','','','','','','','','','',''),(241,'well_2','2020-03-30 14:37:21','','','','','','','','','','','52.0','',''),(242,'well_2','2020-03-30 14:37:27','410.0','','411.0','','','','','','','','','',''),(243,'well_2','2020-03-30 14:42:52','','410.0','412.0','','','','','','','','','',''),(244,'well_2','2020-03-30 14:47:49','','411.0','411.0','','','','','','','','','',''),(245,'well_2','2020-03-30 14:52:02','413.0','413.0','413.0','','','','','','','','52.0','',''),(246,'well_2','2020-03-30 15:07:07','','','','','','','','','','','52.0','',''),(247,'well_2','2020-03-30 15:07:13','412.0','412.0','','','','','','','','','','',''),(248,'well_2','2020-03-30 15:12:12','407.0','407.0','408.0','','','','','','','','','',''),(249,'well_2','2020-03-30 15:17:37','409.0','410.0','411.0','','','','','','','','','',''),(250,'well_2','2020-03-30 15:23:06','','409.0','410.0','','','','','','','','52.0','',''),(251,'well_2','2020-03-30 15:30:21','403.0','403.0','403.0','13.0','13.0','13.0','','47.0','','23.0','52.0','',''),(252,'well_2','2020-03-30 15:30:26','','','','','','','56.0','','59.0','','','',''),(253,'well_2','2020-03-30 15:32:29','','','','','','','','','','','51.0','',''),(254,'well_2','2020-03-30 15:32:35','405.0','405.0','405.0','','','','','','','','','',''),(255,'well_2','2020-03-30 15:37:19','','','','','','','','','','','50.0','',''),(256,'well_2','2020-03-30 15:37:25','404.0','403.0','404.0','','','','','','62.0','','','',''),(257,'well_2','2020-03-30 15:42:22','','','','14.0','','14.0','58.0','','','24.0','','',''),(258,'well_2','2020-03-30 15:42:27','405.0','405.0','405.0','','','','','','63.0','','','',''),(259,'well_2','2020-03-30 15:47:28','406.0','','406.0','','14.0','','','','64.0','','49.0','',''),(260,'well_2','2020-03-30 15:52:22','','','','15.0','','15.0','62.0','','','29.0','49.0','',''),(261,'well_2','2020-03-30 15:52:28','403.0','403.0','403.0','','','','','49.0','72.0','','','',''),(262,'well_2','2020-03-30 15:58:26','','','','13.0','','14.0','59.0','','','25.0','49.0','115.0','115.0'),(263,'well_2','2020-03-30 15:58:31','402.0','402.0','401.0','','','','','47.0','64.0','','','',''),(264,'well_2','2020-03-30 16:02:27','404.0','403.0','404.0','14.0','','','58.0','','','','48.0','',''),(265,'well_2','2020-03-30 16:07:11','','','','','','','60.0','','','','','',''),(266,'well_2','2020-03-30 16:07:16','403.0','402.0','402.0','','','','','','63.0','','','',''),(267,'well_2','2020-03-30 16:12:18','404.0','404.0','403.0','','','','61.0','','69.0','27.0','','',''),(268,'well_2','2020-03-30 16:17:14','407.0','407.0','407.0','','','','60.0','','67.0','26.0','47.0','','114.0'),(269,'well_2','2020-03-30 16:22:24','406.0','406.0','','','','','','','68.0','','','',''),(270,'well_2','2020-03-30 16:27:18','405.0','405.0','405.0','','','','','','','','','114.0',''),(271,'well_2','2020-03-30 16:32:57','','','','','','','61.0','','','27.0','','',''),(272,'well_2','2020-03-30 16:33:02','403.0','403.0','403.0','','','','','','69.0','','','',''),(273,'well_2','2020-03-30 16:37:23','','','','','','','','','','','46.0','','113.0'),(274,'well_2','2020-03-30 16:37:29','','402.0','402.0','','','','','','70.0','','','',''),(275,'well_2','2020-03-30 16:42:07','','','','15.0','','15.0','','','','','46.0','',''),(276,'well_2','2020-03-30 16:42:13','407.0','407.0','407.0','','','','','','71.0','','','',''),(277,'well_2','2020-03-30 16:48:03','405.0','404.0','404.0','','15.0','','62.0','','73.0','28.0','','113.0',''),(278,'well_2','2020-03-30 16:52:07','403.0','','','','','','61.0','','71.0','','46.0','',''),(279,'well_2','2020-03-30 16:52:13','','402.0','402.0','','','','','','','','','',''),(280,'well_2','2020-03-30 16:57:19','406.0','405.0','406.0','','','','62.0','','74.0','','','',''),(281,'well_2','2020-03-30 17:02:36','404.0','403.0','404.0','','','','','','75.0','29.0','','',''),(282,'well_2','2020-03-30 17:05:28','403.0','402.0','402.0','','','','63.0','','','','','',''),(283,'well_2','2020-03-30 17:06:35','402.0','401.0','','','','','','','','','','','112.0'),(284,'well_2','2020-03-30 17:08:04','','','','','','','62.0','','','','','',''),(285,'well_2','2020-03-30 17:08:10','404.0','403.0','404.0','','','','','','','','','',''),(286,'well_2','2020-03-30 17:14:05','412.0','413.0','413.0','0.0','0.0','0.0','0.0','0.0','0.0','0.0','','',''),(287,'well_2','2020-03-30 17:18:00','411.0','411.0','412.0','','','','','','','','','',''),(288,'well_2','2020-03-30 17:22:41','','','','','','','','','','','47.0','112.0',''),(289,'well_2','2020-03-30 17:22:47','413.0','413.0','414.0','','','','','','','','','',''),(290,'well_2','2020-03-30 17:27:14','','','','','','','','','','','48.0','',''),(291,'well_2','2020-03-30 17:27:19','411.0','411.0','412.0','','','','','','','','','',''),(292,'well_2','2020-03-30 17:33:09','413.0','413.0','413.0','','','','','','','','','','113.0'),(293,'well_2','2020-03-30 17:37:39','','','','','','','','','','','49.0','113.0',''),(294,'well_2','2020-03-30 17:39:52','413.0','413.0','413.0','0.0','0.0','0.0','0.0','0.0','0.0','0.0','49.0','113.0','113.0'),(295,'well_2','2020-03-30 17:47:16','','','','','','','','','','','50.0','','114.0'),(296,'well_2','2020-03-30 17:52:11','412.0','412.0','','','','','','','','','51.0','114.0','115.0'),(297,'well_2','2020-03-30 17:58:07','409.0','409.0','410.0','','','','','','','','','','117.0'),(298,'well_2','2020-03-30 18:02:29','','','','','','','','','','','51.0','115.0','118.0'),(299,'well_2','2020-03-30 18:07:35','','','','','','','','','','','51.0','116.0','119.0'),(300,'well_2','2020-03-30 18:12:13','410.0','411.0','411.0','','','','','','','','','117.0',''),(301,'well_2','2020-03-30 18:18:06','407.0','407.0','407.0','','','','','','','','','118.0',''),(302,'well_2','2020-03-30 18:22:48','410.0','410.0','410.0','','','','','','','','','',''),(303,'well_2','2020-03-30 18:27:46','409.0','409.0','','','','','','','','','','',''),(304,'well_2','2020-03-30 18:32:25','','','','','','','','','','','51.0','',''),(305,'well_2','2020-03-30 18:32:31','408.0','','409.0','','','','','','','','','',''),(306,'well_2','2020-03-30 18:37:09','','','','','','','','','','','','','118.0'),(307,'well_2','2020-03-30 18:37:14','409.0','','410.0','','','','','','','','','',''),(308,'well_2','2020-03-30 18:43:03','','','','','','','','','','','52.0','',''),(309,'well_2','2020-03-30 18:44:09','403.0','403.0','403.0','13.0','12.0','13.0','55.0','33.8','53.0','15.0','','',''),(310,'well_2','2020-03-30 18:47:27','','','','14.0','14.0','14.0','58.0','','','24.0','','',''),(311,'well_2','2020-03-30 18:47:33','401.0','401.0','401.0','','','','','47.0','63.0','','','',''),(312,'well_2','2020-03-30 18:52:26','','','','','','','57.0','','','','51.0','',''),(313,'well_2','2020-03-30 18:52:31','403.0','402.0','402.0','','','','','','','','','',''),(314,'well_2','2020-03-30 18:57:13','','','','','','','59.0','','','25.0','50.0','',''),(315,'well_2','2020-03-30 18:57:19','401.0','401.0','401.0','','','','','','64.0','','','',''),(316,'well_2','2020-03-30 19:03:06','399.0','398.0','399.0','','','','58.0','','','','51.0','',''),(317,'well_2','2020-03-30 19:07:33','','','','','','','60.0','','','26.0','50.0','',''),(318,'well_2','2020-03-30 19:07:39','398.0','397.0','','','','','','','66.0','','','',''),(319,'well_2','2020-03-30 19:12:28','','','','','','','','','','','','','117.0'),(320,'well_2','2020-03-30 19:12:34','395.0','394.0','395.0','','','','','','68.0','','','',''),(321,'well_2','2020-03-30 19:17:12','','','','','','','62.0','','','27.0','49.0','',''),(322,'well_2','2020-03-30 19:17:18','398.0','398.0','398.0','','','','','','71.0','','','',''),(323,'well_2','2020-03-30 19:22:01','','','','','','','60.0','','','26.0','48.0','117.0',''),(324,'well_2','2020-03-30 19:22:07','400.0','399.0','399.0','','','','','','70.0','','','',''),(325,'well_2','2020-03-30 19:27:51','','','','15.0','15.0','15.0','','','','27.0','','',''),(326,'well_2','2020-03-30 19:28:02','','400.0','400.0','','','','','','','','','',''),(327,'well_2','2020-03-30 19:33:00','','','','','14.0','','61.0','','','','48.0','','116.0'),(328,'well_2','2020-03-30 19:33:06','395.0','394.0','395.0','','','','','','71.0','','','',''),(329,'well_2','2020-03-30 19:37:43','396.0','395.0','','','','','','','','','47.0','',''),(330,'well_2','2020-03-30 19:42:55','','','','','15.0','','','','','28.0','','116.0',''),(331,'well_2','2020-03-30 19:43:00','400.0','400.0','400.0','','','','','','72.0','','','',''),(332,'well_2','2020-03-30 19:44:07','406.0','406.0','407.0','0.0','0.0','0.0','0.0','0.0','0.0','0.0','47.0','','115.0'),(333,'well_2','2020-03-30 19:47:59','409.0','409.0','410.0','','','','','','','','','',''),(334,'well_2','2020-03-30 19:53:05','','','','','','','','','','','48.0','115.0',''),(335,'well_2','2020-03-30 19:58:47','','','','','','','','','','','49.0','',''),(336,'well_2','2020-03-30 20:02:06','408.0','408.0','408.0','','','','','','','','49.0','',''),(337,'well_2','2020-03-30 20:08:10','407.0','407.0','','','','','','','','','49.0','','116.0'),(338,'well_2','2020-03-30 20:12:53','','','','','','','','','','','50.0','116.0','117.0'),(339,'well_2','2020-03-30 20:12:58','405.0','404.0','406.0','','','','','','','','','',''),(340,'well_2','2020-03-30 20:17:35','404.0','403.0','404.0','','','','','','','','51.0','117.0','118.0'),(341,'well_2','2020-03-30 20:22:30','','','','','','','','','','','','','119.0'),(342,'well_2','2020-03-30 20:22:36','408.0','408.0','408.0','','','','','','','','','',''),(343,'well_2','2020-03-30 20:27:21','407.0','407.0','407.0','','','','','','','','','118.0','120.0'),(344,'well_2','2020-03-30 20:33:10','408.0','409.0','409.0','','','','','','','','','119.0',''),(345,'well_2','2020-03-30 20:37:41','409.0','','410.0','','','','','','','','','',''),(346,'well_2','2020-03-30 20:42:19','407.0','407.0','408.0','','','','','','','','','',''),(347,'well_2','2020-03-30 20:47:41','','','','','','','','','','','51.0','',''),(348,'well_2','2020-03-30 20:52:50','','408.0','409.0','','','','','','','','','','119.0'),(349,'well_2','2020-03-30 20:57:34','408.0','409.0','','','','','','','','','','',''),(350,'well_2','2020-03-30 21:02:13','411.0','411.0','412.0','','','','','','','','52.0','',''),(351,'well_2','2020-03-30 21:08:07','409.0','409.0','410.0','','','','','','','','52.0','','118.0'),(352,'well_2','2020-03-30 21:12:39','410.0','410.0','412.0','','','','','','','','','',''),(353,'well_2','2020-03-30 21:14:08','404.0','404.0','405.0','11.0','13.0','13.0','50.0','37.7','52.0','14.0','','118.0',''),(354,'well_2','2020-03-30 21:17:33','400.0','400.0','400.0','13.0','','','57.0','47.0','61.0','23.0','52.0','',''),(355,'well_2','2020-03-30 21:22:12','402.0','401.0','402.0','','','','','','','24.0','51.0','',''),(356,'well_2','2020-03-30 21:28:02','401.0','400.0','400.0','14.0','14.0','','','','62.0','','','',''),(357,'well_2','2020-03-30 21:32:51','','','','','','14.0','58.0','','','25.0','50.0','',''),(358,'well_2','2020-03-30 21:32:56','400.0','','','','','','','','64.0','','','',''),(359,'well_2','2020-03-30 21:37:40','','','','','','','60.0','','','26.0','','',''),(360,'well_2','2020-03-30 21:37:46','','','','','','','','','68.0','','','',''),(361,'well_2','2020-03-30 21:42:23','','','','','','','59.0','','66.0','','','',''),(362,'well_2','2020-03-30 21:47:06','','','','','','','','','67.0','','49.0','',''),(363,'well_2','2020-03-30 21:52:38','','','','15.0','','','60.0','','','27.0','','',''),(364,'well_2','2020-03-30 21:52:44','','','','','','','','','69.0','','','',''),(365,'well_2','2020-03-30 21:57:38','401.0','','','','15.0','15.0','61.0','','72.0','28.0','48.0','','117.0'),(366,'well_2','2020-03-30 22:02:16','400.0','','','','','','59.0','','69.0','26.0','48.0','',''),(367,'well_2','2020-03-30 22:07:04','','','','14.0','','','62.0','','','28.0','47.0','117.0',''),(368,'well_2','2020-03-30 22:07:10','404.0','403.0','404.0','','','','','','71.0','','','',''),(369,'well_2','2020-03-30 22:12:09','403.0','','403.0','','14.0','','','','72.0','','47.0','',''),(370,'well_2','2020-03-30 22:17:19','400.0','400.0','400.0','15.0','15.0','','','','70.0','','','','116.0'),(371,'well_2','2020-03-30 22:22:06','402.0','401.0','402.0','','','','63.0','','74.0','29.0','','116.0',''),(372,'well_2','2020-03-30 22:27:06','','','','','','','61.0','','','28.0','','','115.0'),(373,'well_2','2020-03-30 22:32:07','','','','','','','62.0','','72.0','','','',''),(374,'well_2','2020-03-30 22:37:59','','','','','','','','','','','','115.0',''),(375,'well_2','2020-03-30 22:38:04','','','','','','','','','73.0','','','',''),(376,'well_2','2020-03-30 22:42:29','','','','','','','','','','','','','114.0'),(377,'well_2','2020-03-30 22:42:35','400.0','400.0','400.0','','','','','','75.0','','','',''),(378,'well_2','2020-03-30 22:47:16','','','','','','','61.0','','72.0','','46.0','114.0',''),(379,'well_2','2020-03-30 22:52:59','402.0','401.0','402.0','','','','','','73.0','','','',''),(380,'well_2','2020-03-30 22:57:23','','','','','','','62.0','','','','','',''),(381,'well_2','2020-03-30 22:57:29','404.0','403.0','404.0','','','','','','','','','',''),(382,'well_2','2020-03-30 23:02:07','','402.0','403.0','','','','63.0','','','','','','113.0'),(383,'well_2','2020-03-30 23:08:02','402.0','401.0','402.0','','','','62.0','','74.0','','46.0','',''),(384,'well_2','2020-03-30 23:12:39','','','','','','','','','73.0','','','113.0',''),(385,'well_2','2020-03-30 23:17:15','400.0','399.0','400.0','','','','','','','','','',''),(386,'well_2','2020-03-30 23:22:25','','','','14.0','14.0','','58.0','','','25.0','','',''),(387,'well_2','2020-03-30 23:22:31','404.0','403.0','404.0','','','','','45.5','67.0','','','',''),(388,'well_2','2020-03-30 23:23:21','','','','15.0','','','57.0','','66.0','','','',''),(389,'well_2','2020-03-30 23:27:18','','','','14.0','','','60.0','','','26.0','','',''),(390,'well_2','2020-03-30 23:27:24','402.0','401.0','402.0','','','','','45.2','69.0','','','',''),(391,'well_2','2020-03-30 23:28:43','403.0','402.0','','','','','','','68.0','','','',''),(392,'well_2','2020-03-30 23:30:28','','','','','','','','','69.0','','','',''),(393,'well_2','2020-03-30 23:32:14','402.0','401.0','','','15.0','','64.0','44.8','75.0','28.0','46.0','',''),(394,'well_2','2020-03-30 23:37:03','403.0','402.0','','','14.0','','62.0','44.2','71.0','26.0','','',''),(395,'well_2','2020-03-30 23:41:44','405.0','405.0','405.0','13.0','13.0','13.0','','44.0','66.0','24.0','','',''),(396,'well_2','2020-03-30 23:43:02','','404.0','404.0','','','','','','','','','',''),(397,'well_2','2020-03-30 23:47:45','','','','','','','','','','','46.0','',''),(398,'well_2','2020-03-30 23:47:50','404.0','403.0','','','','','','','','','','',''),(399,'well_2','2020-03-30 23:53:17','402.0','401.0','402.0','','','','','','','','','',''),(400,'well_2','2020-03-30 23:58:21','','','','','14.0','','','','','','46.0','',''),(401,'well_3','2022-11-01 14:32:08','408.0','407.0','408.0','0.0','0.0','0.0','0.0','0.0','0.0','0.0','','0.0','0.0'),(402,'well_3','2022-11-02 21:20:02','0.0','0.0','0.0','0.0','0.0','0.0','0.0','0.0','0.0','0.0','0.0','0.0','0.0'),(403,'well_3','2022-11-03 03:02:05','0.0','0.0','0.0','0.0','0.0','0.0','0.0','0.0','0.0','0.0','0.0','0.0','0.0'),(404,'well_3','2022-11-03 07:04:00','400.0','396.0','401.0','0.0','0.0','0.0','0.0','0.0','0.0','0.0','166.14','112.0','112.0'),(405,'well_3','2022-11-03 09:39:35','412.0','411.0','411.0','','','','','','','','165.98','',''),(406,'well_3','2022-11-03 09:45:20','','','','','','','','','','','166.08','',''),(407,'well_3','2022-11-03 09:45:31','408.0','407.0','407.0','','','','','','','','','',''),(408,'well_3','2022-11-03 09:48:09','407.0','','','5.0','6.0','6.0','93.0','6.7','39.0','1.0','166.17','',''),(409,'well_3','2022-11-03 09:50:56','406.0','405.0','406.0','10.0','8.0','8.0','34.0','30.2','24.0','5.0','166.12','',''),(410,'well_3','2022-11-03 09:54:27','408.0','407.0','408.0','9.0','','','40.0','','27.0','6.0','165.73','',''),(411,'well_3','2022-11-03 09:59:03','','','','8.0','','','44.0','','','7.0','165.29','',''),(412,'well_3','2022-11-03 09:59:08','406.0','402.0','','','','','','','29.0','','','',''),(413,'well_3','2022-11-03 10:03:15','409.0','405.0','411.0','0.0','0.0','0.0','0.0','0.0','0.0','0.0','164.9','',''),(414,'well_3','2022-11-03 10:04:31','','','','','','','','','','','164.84','',''),(415,'well_3','2022-11-03 10:04:53','410.0','407.0','412.0','','','','','','','','','',''),(416,'well_3','2022-11-03 10:11:09','413.0','409.0','413.0','','','','','','','','164.83','',''),(417,'well_3','2022-11-03 10:14:31','411.0','407.0','412.0','','','','','','','','164.95','',''),(418,'well_3','2022-11-03 10:20:36','','','','','','','','','','','165.08','',''),(419,'well_3','2022-11-03 10:20:47','409.0','406.0','410.0','','','','','','','','','',''),(420,'well_3','2022-11-03 10:26:08','408.0','404.0','409.0','','','','','','','','165.23','',''),(421,'well_3','2022-11-03 10:30:09','','','','','','','','','','','165.35','',''),(422,'well_3','2022-11-03 10:30:20','411.0','407.0','412.0','','','','','','','','','',''),(423,'well_3','2022-11-03 10:34:09','410.0','','','','','','','','','','165.46','',''),(424,'well_3','2022-11-03 10:39:35','408.0','405.0','410.0','','','','','','','','165.57','',''),(425,'well_3','2022-11-03 10:44:07','409.0','406.0','412.0','','','','','','','','165.68','',''),(426,'well_3','2022-11-03 10:48:12','408.0','407.0','409.0','7.0','6.0','8.0','74.0','9.2','23.0','2.0','165.78','',''),(427,'well_3','2022-11-03 10:49:11','','','','8.0','9.0','','45.0','','','7.0','','',''),(428,'well_3','2022-11-03 10:49:16','407.0','406.0','407.0','','','','','30.2','30.0','','','',''),(429,'well_3','2022-11-03 10:54:28','','','','9.0','8.0','','39.0','','','6.0','165.34','',''),(430,'well_3','2022-11-03 10:54:33','','','408.0','','','','','','27.0','','','',''),(431,'well_3','2022-11-03 11:00:51','399.0','394.0','400.0','8.0','10.0','11.0','54.0','','41.0','9.0','164.83','',''),(432,'well_3','2022-11-03 11:03:15','405.0','402.0','407.0','0.0','0.0','0.0','0.0','0.0','0.0','0.0','164.49','',''),(433,'well_3','2022-11-03 11:04:56','','','','','','','','','','','164.43','',''),(434,'well_3','2022-11-03 11:05:02','407.0','403.0','408.0','','','','','','','','','',''),(435,'well_3','2022-11-03 11:09:11','409.0','406.0','410.0','','','','','','','','164.44','',''),(436,'well_3','2022-11-03 11:14:33','','','','','','','','','','','164.56','',''),(437,'well_3','2022-11-03 11:14:39','410.0','407.0','412.0','','','','','','','','','',''),(438,'well_3','2022-11-03 11:20:18','409.0','406.0','410.0','','','','','','','','164.72','',''),(439,'well_3','2022-11-03 11:24:07','407.0','403.0','408.0','','','','','','','','164.83','',''),(440,'well_3','2022-11-03 11:31:12','411.0','407.0','412.0','','','','','','','','164.97','',''),(441,'well_3','2022-11-03 11:34:11','','','','','','','','','','','165.07','',''),(442,'well_3','2022-11-03 11:34:16','','411.0','410.0','','','','','','','','','',''),(443,'well_3','2022-11-03 11:39:38','408.0','408.0','408.0','','','','','','','','165.2','',''),(444,'well_3','2022-11-03 11:44:38','','','','','','','','','','','165.29','',''),(445,'well_3','2022-11-03 11:44:49','407.0','407.0','407.0','','','','','','','','','',''),(446,'well_3','2022-11-03 11:48:16','','','','8.0','8.0','8.0','47.0','','','7.0','165.38','',''),(447,'well_3','2022-11-03 11:48:22','400.0','398.0','400.0','','','','','30.2','31.0','','','',''),(448,'well_3','2022-11-03 11:49:10','','','','','9.0','11.0','54.0','','','9.0','165.39','',''),(449,'well_3','2022-11-03 11:50:53','396.0','395.0','397.0','','','','','','41.0','','','',''),(450,'well_3','2022-11-03 11:54:30','408.0','407.0','408.0','9.0','8.0','8.0','40.0','','27.0','6.0','164.92','',''),(451,'well_3','2022-11-03 12:00:08','','','','','','','41.0','','','','164.47','',''),(452,'well_3','2022-11-03 12:00:14','407.0','402.0','409.0','','','','','','28.0','','','',''),(453,'well_3','2022-11-03 12:03:13','414.0','411.0','415.0','0.0','0.0','0.0','0.0','0.0','0.0','0.0','164.11','',''),(454,'well_3','2022-11-03 12:05:44','415.0','412.0','417.0','','','','','','','','163.88','',''),(455,'well_3','2022-11-03 12:08:54','','','','','','','','','','','164.04','',''),(456,'well_3','2022-11-03 12:09:00','413.0','410.0','415.0','','','','','','','','','',''),(457,'well_3','2022-11-03 12:14:14','','','','','','','','','','','164.2','',''),(458,'well_3','2022-11-03 12:14:20','412.0','408.0','413.0','','','','','','','','','',''),(459,'well_3','2022-11-03 12:21:17','414.0','412.0','416.0','','','','','','','','164.33','',''),(460,'well_3','2022-11-03 12:24:09','','','','','','','','','','','164.46','',''),(461,'well_3','2022-11-03 12:24:14','416.0','415.0','','','','','','','','','','',''),(462,'well_3','2022-11-03 12:27:37','417.0','417.0','417.0','','','','','','','','164.55','',''),(463,'well_3','2022-11-03 12:31:00','419.0','419.0','419.0','','','','','','','','164.57','',''),(464,'well_3','2022-11-03 12:35:58','414.0','413.0','414.0','','','','','','','','164.7','',''),(465,'well_3','2022-11-03 12:40:36','413.0','412.0','413.0','','','','','','','','164.81','',''),(466,'well_3','2022-11-03 12:43:53','415.0','414.0','414.0','','','','','','','','164.92','',''),(467,'well_3','2022-11-03 12:48:13','410.0','409.0','411.0','8.0','9.0','9.0','41.0','20.6','31.0','4.0','165.0','',''),(468,'well_3','2022-11-03 12:51:10','411.0','410.0','','9.0','','','34.0','30.2','24.0','5.0','165.01','',''),(469,'well_3','2022-11-03 12:55:49','','','','','8.0','8.0','40.0','','','6.0','164.56','',''),(470,'well_3','2022-11-03 12:55:55','407.0','402.0','409.0','','','','','','27.0','','','',''),(471,'well_3','2022-11-03 12:59:23','','','','8.0','9.0','','44.0','','','7.0','164.11','',''),(472,'well_3','2022-11-03 12:59:29','','403.0','','','','','','','30.0','','','',''),(473,'well_3','2022-11-03 13:03:02','413.0','409.0','413.0','0.0','0.0','0.0','0.0','0.0','0.0','0.0','163.75','',''),(474,'well_3','2022-11-03 13:05:52','412.0','407.0','','','','','','','','','163.69','',''),(475,'well_3','2022-11-03 13:10:38','414.0','411.0','415.0','','','','','','','','','',''),(476,'well_3','2022-11-03 13:15:21','','','','','','','','','','','163.83','',''),(477,'well_3','2022-11-03 13:15:26','410.0','407.0','412.0','','','','','','','','','',''),(478,'well_3','2022-11-03 13:18:51','','','','','','','','','','','163.95','',''),(479,'well_3','2022-11-03 13:18:56','415.0','414.0','414.0','','','','','','','','','',''),(480,'well_3','2022-11-03 13:24:41','','','','','','','','','','','164.11','',''),(481,'well_3','2022-11-03 13:24:47','413.0','413.0','413.0','','','','','','','','','',''),(482,'well_3','2022-11-03 13:31:22','','412.0','','','','','','','','','164.23','',''),(483,'well_3','2022-11-03 13:35:42','411.0','410.0','411.0','','','','','','','','164.33','',''),(484,'well_3','2022-11-03 13:39:16','','','','','','','','','','','164.44','',''),(485,'well_3','2022-11-03 13:39:21','412.0','411.0','','','','','','','','','','',''),(486,'well_3','2022-11-03 13:44:12','','','','','','','','','','','164.54','',''),(487,'well_3','2022-11-03 13:44:17','413.0','412.0','413.0','','','','','','','','','',''),(488,'well_3','2022-11-03 13:48:06','410.0','409.0','411.0','7.0','8.0','8.0','38.0','12.4','18.0','1.0','164.64','',''),(489,'well_3','2022-11-03 13:49:33','','','','9.0','9.0','','43.0','','','6.0','164.65','',''),(490,'well_3','2022-11-03 13:50:31','407.0','406.0','408.0','','','','','30.2','29.0','','','',''),(491,'well_3','2022-11-03 13:55:36','408.0','407.0','','8.0','','','45.0','','','7.0','164.15','',''),(492,'well_3','2022-11-03 14:00:35','404.0','399.0','405.0','','8.0','','49.0','','33.0','','163.71','',''),(493,'well_3','2022-11-03 14:03:03','413.0','409.0','413.0','0.0','0.0','0.0','0.0','0.0','0.0','0.0','163.38','',''),(494,'well_3','2022-11-03 14:05:41','411.0','407.0','412.0','','','','','','','','163.29','',''),(495,'well_3','2022-11-03 14:09:06','','','','','','','','','','','163.33','',''),(496,'well_3','2022-11-03 14:09:11','413.0','409.0','414.0','','','','','','','','','',''),(497,'well_3','2022-11-03 14:14:10','','410.0','415.0','','','','','','','','163.47','',''),(498,'well_3','2022-11-03 14:19:13','417.0','416.0','416.0','','','','','','','','163.6','',''),(499,'well_3','2022-11-03 14:25:54','415.0','414.0','414.0','','','','','','','','163.74','',''),(500,'well_3','2022-11-03 14:29:04','','','','','','','','','','','163.85','',''),(501,'well_3','2022-11-03 14:29:09','414.0','413.0','','','','','','','','','','',''),(502,'well_3','2022-11-03 14:36:13','413.0','','413.0','','','','','','','','163.97','',''),(503,'well_3','2022-11-03 14:39:38','411.0','410.0','411.0','','','','','','','','164.09','',''),(504,'well_3','2022-11-03 14:44:16','','','','','','','','','','','164.18','',''),(505,'well_3','2022-11-03 14:44:27','408.0','407.0','407.0','','','','','','','','','',''),(506,'well_3','2022-11-03 14:48:06','405.0','403.0','405.0','7.0','8.0','8.0','30.0','14.9','19.0','2.0','164.27','',''),(507,'well_3','2022-11-03 14:49:53','400.0','399.0','401.0','8.0','','','52.0','30.2','34.0','8.0','164.29','',''),(508,'well_3','2022-11-03 14:55:17','','','','','','','47.0','','','7.0','163.89','',''),(509,'well_3','2022-11-03 14:55:23','404.0','401.0','404.0','','','','','','30.0','','','',''),(510,'well_3','2022-11-03 14:59:25','','','','','','','52.0','','','','163.37','',''),(511,'well_3','2022-11-03 14:59:30','401.0','397.0','','','','','','','34.0','','','',''),(512,'well_3','2022-11-03 15:02:58','411.0','407.0','412.0','0.0','0.0','0.0','0.0','4.0','0.0','0.0','163.04','',''),(513,'well_3','2022-11-03 15:03:03','410.0','','411.0','','','','','0.0','','','163.02','',''),(514,'well_3','2022-11-03 15:04:53','','406.0','','','','','','','','','162.97','',''),(515,'well_3','2022-11-03 15:10:52','','','','','','','','','','','163.01','',''),(516,'well_3','2022-11-03 15:10:58','408.0','405.0','410.0','','','','','','','','','',''),(517,'well_3','2022-11-03 15:15:46','','','','','','','','','','','163.15','',''),(518,'well_3','2022-11-03 15:15:52','410.0','407.0','412.0','','','','','','','','','',''),(519,'well_3','2022-11-03 15:19:57','','','','','','','','','','','163.28','',''),(520,'well_3','2022-11-03 15:20:02','407.0','403.0','409.0','','','','','','','','','',''),(521,'well_3','2022-11-03 15:25:51','408.0','405.0','410.0','','','','','','','','163.41','',''),(522,'well_3','2022-11-03 15:29:06','411.0','410.0','411.0','','','','','','','','163.53','',''),(523,'well_3','2022-11-03 15:36:02','','409.0','410.0','','','','','','','','163.66','',''),(524,'well_3','2022-11-03 15:39:04','','','','','','','','','','','163.77','',''),(525,'well_3','2022-11-03 15:39:09','408.0','407.0','407.0','','','','','','','','','',''),(526,'well_3','2022-11-03 15:44:35','','','','','','','','','','','163.88','',''),(527,'well_3','2022-11-03 15:44:41','407.0','','','','','','','','','','','',''),(528,'well_3','2022-11-03 15:48:04','406.0','405.0','406.0','7.0','7.0','8.0','42.0','12.2','20.0','2.0','163.96','',''),(529,'well_3','2022-11-03 15:48:58','','','','8.0','8.0','','50.0','','','7.0','163.97','',''),(530,'well_3','2022-11-03 15:49:03','404.0','403.0','404.0','','','','','30.2','34.0','','','',''),(531,'well_3','2022-11-03 15:54:48','','','','','','','58.0','','','8.0','163.54','',''),(532,'well_3','2022-11-03 15:54:54','401.0','397.0','402.0','','','','','','37.0','','','',''),(533,'well_3','2022-11-03 15:58:54','','','','','','','52.0','','','7.0','163.07','',''),(534,'well_3','2022-11-03 15:58:59','399.0','394.0','400.0','','','','','','34.0','','','',''),(535,'well_3','2022-11-03 16:03:10','','','','0.0','','','','','','0.0','','',''),(536,'well_3','2022-11-03 16:03:16','410.0','407.0','412.0','','0.0','0.0','0.0','0.0','0.0','','162.69','',''),(537,'well_3','2022-11-03 16:04:44','407.0','403.0','408.0','','','','','','','','162.58','',''),(538,'well_3','2022-11-03 16:09:00','','','','','','','','','','','162.66','',''),(539,'well_3','2022-11-03 16:09:05','409.0','406.0','410.0','','','','','','','','','',''),(540,'well_3','2022-11-03 16:15:52','408.0','405.0','','','','','','','','','162.81','',''),(541,'well_3','2022-11-03 16:19:55','411.0','407.0','412.0','','','','','','','','162.94','',''),(542,'well_3','2022-11-03 16:23:55','','','','','','','','','','','163.07','',''),(543,'well_3','2022-11-03 16:24:00','413.0','413.0','413.0','','','','','','','','','',''),(544,'well_3','2022-11-03 16:29:11','','','','','','','','','','','163.2','',''),(545,'well_3','2022-11-03 16:35:56','408.0','408.0','408.0','','','','','','','','163.31','',''),(546,'well_3','2022-11-03 16:40:55','','407.0','407.0','','','','','','','','163.42','',''),(547,'well_3','2022-11-03 16:46:30','404.0','403.0','404.0','','','','','','','','163.52','',''),(548,'well_3','2022-11-03 16:48:06','402.0','401.0','402.0','7.0','6.0','8.0','30.0','15.7','17.0','2.0','163.62','',''),(549,'well_3','2022-11-03 16:51:01','399.0','398.0','400.0','8.0','9.0','10.0','54.0','30.2','39.0','9.0','163.54','',''),(550,'well_3','2022-11-03 16:54:40','','','','','','','','','','','163.18','',''),(551,'well_3','2022-11-03 16:54:45','397.0','395.0','398.0','','','','','','40.0','','','',''),(552,'well_3','2022-11-03 17:00:54','','','','','','11.0','56.0','','','','162.7','',''),(553,'well_3','2022-11-03 17:01:00','','394.0','400.0','','','','','','39.0','','','',''),(554,'well_3','2022-11-03 17:03:02','','','','0.0','0.0','0.0','0.0','','','0.0','162.36','',''),(555,'well_3','2022-11-03 17:03:07','406.0','402.0','407.0','','','','','0.0','0.0','','','',''),(556,'well_3','2022-11-03 17:03:58','404.0','401.0','406.0','','','','','','','','162.3','',''),(557,'well_3','2022-11-03 17:06:02','402.0','399.0','403.0','','','','','','','','162.26','',''),(558,'well_3','2022-11-03 17:09:59','','','','','','','','','','','162.32','',''),(559,'well_3','2022-11-03 17:10:15','406.0','402.0','407.0','','','','','','','','','',''),(560,'well_3','2022-11-03 17:13:49','','','','','','','','','','','162.46','',''),(561,'well_3','2022-11-03 17:13:54','405.0','400.0','406.0','','','','','','','','','',''),(562,'well_3','2022-11-03 17:19:46','404.0','','407.0','','','','','','','','162.62','',''),(563,'well_3','2022-11-03 17:24:52','','','','','','','','','','','162.74','',''),(564,'well_3','2022-11-03 17:24:57','406.0','405.0','406.0','','','','','','','','','',''),(565,'well_3','2022-11-03 17:31:26','405.0','404.0','404.0','','','','','','','','162.86','',''),(566,'well_3','2022-11-03 17:35:59','','','','','','','','','','','162.98','',''),(567,'well_3','2022-11-03 17:40:54','403.0','402.0','402.0','','','','','','','','163.09','',''),(568,'well_3','2022-11-03 17:44:46','','','','','','','','','','','163.19','',''),(569,'well_3','2022-11-03 17:44:52','400.0','400.0','400.0','','','','','','','','','',''),(570,'well_3','2022-11-03 17:47:58','401.0','','401.0','5.0','6.0','8.0','94.0','8.2','43.0','1.0','163.27','',''),(571,'well_3','2022-11-03 17:49:50','','','','8.0','8.0','','56.0','','','8.0','163.29','',''),(572,'well_3','2022-11-03 17:49:55','396.0','395.0','397.0','','','','','30.2','37.0','','','',''),(573,'well_3','2022-11-03 17:54:57','','','','','','11.0','54.0','','','9.0','162.83','',''),(574,'well_3','2022-11-03 17:55:07','399.0','397.0','400.0','','','','','','38.0','','','',''),(575,'well_3','2022-11-03 17:59:49','','394.0','','','9.0','10.0','55.0','','39.0','','162.37','',''),(576,'well_3','2022-11-03 18:03:05','406.0','402.0','407.0','0.0','0.0','0.0','0.0','0.0','0.0','0.0','162.02','',''),(577,'well_3','2022-11-03 18:04:51','405.0','401.0','','','','','','','','','161.94','',''),(578,'well_3','2022-11-03 18:10:38','406.0','402.0','','','','','','','','','161.99','',''),(579,'well_3','2022-11-03 18:16:02','403.0','400.0','405.0','','','','','','','','162.15','',''),(580,'well_3','2022-11-03 18:19:25','','','','','','','','','','','162.28','',''),(581,'well_3','2022-11-03 18:19:36','405.0','401.0','407.0','','','','','','','','','',''),(582,'well_3','2022-11-03 18:24:33','','','','','','','','','','','162.41','',''),(583,'well_3','2022-11-03 18:24:44','407.0','406.0','','','','','','','','','','',''),(584,'well_3','2022-11-03 18:29:00','','405.0','405.0','','','','','','','','162.54','',''),(585,'well_3','2022-11-03 18:36:01','405.0','404.0','404.0','','','','','','','','162.64','',''),(586,'well_3','2022-11-03 18:39:31','','','','','','','','','','','162.75','',''),(587,'well_3','2022-11-03 18:46:11','395.0','394.0','394.0','','','','','','','','162.86','',''),(588,'well_3','2022-11-03 18:47:58','396.0','','396.0','7.0','7.0','8.0','74.0','8.2','43.0','2.0','162.93','',''),(589,'well_3','2022-11-03 18:49:49','392.0','389.0','392.0','9.0','8.0','','56.0','30.2','36.0','8.0','162.97','',''),(590,'well_3','2022-11-03 18:55:47','','390.0','393.0','8.0','','','58.0','','37.0','','162.51','',''),(591,'well_3','2022-11-03 18:59:49','','','','','','7.0','56.0','','','','162.06','',''),(592,'well_3','2022-11-03 18:59:55','391.0','386.0','','','','','','','36.0','','','',''),(593,'well_3','2022-11-03 19:03:02','398.0','394.0','399.0','0.0','0.0','0.0','0.0','0.0','0.0','0.0','161.69','',''),(594,'well_3','2022-11-03 19:05:46','400.0','395.0','400.0','','','','','','','','161.39','',''),(595,'well_3','2022-11-03 19:08:57','','','','','','','','','','','161.66','',''),(596,'well_3','2022-11-03 19:09:02','398.0','394.0','','','','','','','','','','',''),(597,'well_3','2022-11-03 19:15:52','','','','','','','','','','','161.81','',''),(598,'well_3','2022-11-03 19:15:57','400.0','397.0','401.0','','','','','','','','','',''),(599,'well_3','2022-11-03 19:18:53','','','','','','','','','','','161.95','',''),(600,'well_3','2022-11-03 19:18:58','399.0','394.0','400.0','','','','','','','','','',''),(601,'well_4','2024-01-01 00:01:58','415.0','411.0','411.0','','','','','','','','22.0','',''),(602,'well_4','2024-01-01 00:03:47','411.0','408.0','408.0','17.0','17.0','17.0','90.0','54.0','63.0','33.0','','',''),(603,'well_4','2024-01-01 00:06:54','410.0','410.0','406.0','20.0','21.0','21.0','91.0','','77.0','45.0','','',''),(604,'well_4','2024-01-01 00:13:13','404.0','411.0','410.0','22.0','23.0','22.0','','','82.0','49.0','21.0','',''),(605,'well_4','2024-01-01 00:16:57','413.0','','','20.0','21.0','21.0','','','77.0','45.0','20.0','',''),(606,'well_4','2024-01-01 00:22:22','406.0','','','','20.0','20.0','90.0','','73.0','43.0','19.0','',''),(607,'well_4','2024-01-01 00:23:34','413.0','416.0','416.0','0.0','0.0','0.0','100.0','0.0','0.0','0.0','','',''),(608,'well_4','2024-01-01 00:26:53','','418.0','','','','','','','','','18.0','',''),(609,'well_4','2024-01-01 00:32:18','418.0','','415.0','','','','','','','','19.0','',''),(610,'well_4','2024-01-01 00:37:43','416.0','415.0','','','','','','','','','20.0','',''),(611,'well_4','2024-01-01 00:42:51','418.0','','413.0','','','','','','','','','',''),(612,'well_4','2024-01-01 00:47:25','','','','','','','','','','','21.0','',''),(613,'well_4','2024-01-01 00:51:55','411.0','410.0','410.0','','','','','','','','','',''),(614,'well_4','2024-01-01 00:58:06','406.0','411.0','411.0','','','','','','','','','',''),(615,'well_4','2024-01-01 01:02:28','410.0','408.0','408.0','','','','','','','','22.0','',''),(616,'well_4','2024-01-01 01:03:47','408.0','406.0','403.0','18.0','18.0','18.0','89.0','54.0','65.0','36.0','','',''),(617,'well_4','2024-01-01 01:07:31','406.0','','404.0','21.0','21.0','21.0','91.0','','77.0','45.0','23.0','',''),(618,'well_4','2024-01-01 01:12:20','','','','22.0','23.0','22.0','','','81.0','49.0','22.0','','125.0'),(619,'well_4','2024-01-01 01:18:14','401.0','410.0','408.0','20.0','21.0','21.0','','','77.0','45.0','21.0','','124.0'),(620,'well_4','2024-01-01 01:22:31','','','','19.0','20.0','20.0','90.0','','72.0','43.0','20.0','',''),(621,'well_4','2024-01-01 01:23:42','408.0','413.0','413.0','0.0','0.0','0.0','100.0','0.0','0.0','0.0','19.0','',''),(622,'well_4','2024-01-01 01:27:30','','','','','','','','','','','','','125.0'),(623,'well_4','2024-01-01 01:32:14','413.0','410.0','410.0','','','','','','','','20.0','',''),(624,'well_4','2024-01-01 01:37:09','415.0','','','','','','','','','','21.0','125.0',''),(625,'well_4','2024-01-01 01:42:26','416.0','411.0','','','','','','','','','','','124.0'),(626,'well_4','2024-01-01 01:46:59','415.0','410.0','','','','','','','','','','124.0',''),(627,'well_4','2024-01-01 01:53:06','413.0','','','','','','','','','','','',''),(628,'well_4','2024-01-01 01:57:11','415.0','','413.0','','','','','','','','22.0','',''),(629,'well_4','2024-01-01 02:03:10','410.0','408.0','408.0','','','','','','','','','',''),(630,'well_4','2024-01-01 02:04:05','406.0','404.0','403.0','20.0','21.0','20.0','91.0','54.0','74.0','39.0','','',''),(631,'well_4','2024-01-01 02:07:52','404.0','403.0','','','','','','','76.0','44.0','23.0','',''),(632,'well_4','2024-01-01 02:12:26','408.0','','404.0','22.0','23.0','22.0','','','81.0','48.0','22.0','',''),(633,'well_4','2024-01-01 02:17:58','403.0','408.0','406.0','20.0','21.0','21.0','','','76.0','45.0','21.0','',''),(634,'well_4','2024-01-01 02:22:22','410.0','404.0','404.0','19.0','20.0','20.0','90.0','','72.0','42.0','20.0','',''),(635,'well_4','2024-01-01 02:23:44','404.0','411.0','411.0','0.0','0.0','0.0','100.0','0.0','0.0','0.0','19.0','',''),(636,'well_4','2024-01-01 02:27:26','','','','','','','','','','','','','125.0'),(637,'well_4','2024-01-01 02:32:51','411.0','408.0','408.0','','','','','','','','20.0','','124.0'),(638,'well_4','2024-01-01 02:38:00','413.0','411.0','','','','','','','','','','',''),(639,'well_4','2024-01-01 02:42:57','415.0','','411.0','','','','','','','','21.0','',''),(640,'well_4','2024-01-01 02:48:09','','410.0','','','','','','','','','','',''),(641,'well_4','2024-01-01 02:52:12','','','','','','','','','','','22.0','',''),(642,'well_4','2024-01-01 02:56:57','406.0','413.0','413.0','','','','','','','','','',''),(643,'well_4','2024-01-01 03:03:05','411.0','410.0','408.0','','','','','','','','23.0','',''),(644,'well_4','2024-01-01 03:04:04','406.0','404.0','403.0','20.0','21.0','20.0','90.0','54.0','74.0','21.0','','',''),(645,'well_4','2024-01-01 03:07:26','408.0','406.0','404.0','21.0','','21.0','91.0','','77.0','45.0','','','125.0'),(646,'well_4','2024-01-01 03:13:07','410.0','','','','22.0','','','','79.0','47.0','22.0','125.0',''),(647,'well_4','2024-01-01 03:17:21','403.0','410.0','408.0','','','','','','','','21.0','',''),(648,'well_4','2024-01-01 03:22:37','','408.0','406.0','20.0','21.0','20.0','','','75.0','44.0','20.0','','124.0'),(649,'well_4','2024-01-01 03:23:44','410.0','413.0','413.0','0.0','0.0','0.0','100.0','0.0','0.0','0.0','','',''),(650,'well_4','2024-01-01 03:27:30','415.0','411.0','411.0','','','','','','','','19.0','','125.0'),(651,'well_4','2024-01-01 03:33:03','','','','','','','','','','','20.0','',''),(652,'well_4','2024-01-01 03:37:23','416.0','413.0','','','','','','','','','21.0','',''),(653,'well_4','2024-01-01 03:42:40','418.0','','415.0','','','','','','','','','',''),(654,'well_4','2024-01-01 03:47:13','416.0','','411.0','','','','','','','','','',''),(655,'well_4','2024-01-01 03:52:44','415.0','','415.0','','','','','','','','22.0','','124.0'),(656,'well_4','2024-01-01 04:02:34','413.0','411.0','410.0','','','','','','','','23.0','',''),(657,'well_4','2024-01-01 04:04:08','403.0','408.0','406.0','20.0','21.0','20.0','91.0','54.0','75.0','35.0','','124.0',''),(658,'well_4','2024-01-01 04:07:09','410.0','406.0','404.0','','','','','','76.0','44.0','','','125.0'),(659,'well_4','2024-01-01 04:12:22','408.0','','','22.0','23.0','22.0','','','82.0','48.0','22.0','125.0',''),(660,'well_4','2024-01-01 04:17:48','410.0','410.0','408.0','20.0','21.0','21.0','','','76.0','46.0','21.0','','124.0'),(661,'well_4','2024-01-01 04:21:57','404.0','411.0','','','','20.0','','','74.0','43.0','20.0','','125.0'),(662,'well_4','2024-01-01 04:23:50','410.0','413.0','413.0','0.0','0.0','0.0','100.0','0.0','0.0','0.0','','',''),(663,'well_4','2024-01-01 04:27:44','411.0','415.0','415.0','','','','','','','','19.0','',''),(664,'well_4','2024-01-01 04:32:38','416.0','','413.0','','','','','','','','20.0','','124.0'),(665,'well_4','2024-01-01 04:37:51','415.0','413.0','','','','','','','','','21.0','','125.0'),(666,'well_4','2024-01-01 04:47:16','','','','','','','','','','','22.0','',''),(667,'well_4','2024-01-01 04:52:54','416.0','411.0','','','','','','','','','','',''),(668,'well_4','2024-01-01 04:57:25','','','','','','','','','','','23.0','',''),(669,'well_4','2024-01-01 04:57:31','413.0','','411.0','','','','','','','','','',''),(670,'well_4','2024-01-01 05:01:56','','','410.0','','','','','','','','','',''),(671,'well_4','2024-01-01 05:03:53','410.0','406.0','406.0','19.0','20.0','20.0','90.0','54.0','71.0','18.0','','','124.0'),(672,'well_4','2024-01-01 05:07:20','408.0','','404.0','20.0','21.0','21.0','91.0','','77.0','45.0','24.0','','125.0'),(673,'well_4','2024-01-01 05:12:15','','','','22.0','23.0','22.0','','','81.0','49.0','22.0','',''),(674,'well_4','2024-01-01 05:18:22','410.0','408.0','408.0','21.0','22.0','','','','80.0','47.0','21.0','',''),(675,'well_4','2024-01-01 05:22:31','403.0','410.0','','20.0','21.0','20.0','','','74.0','44.0','','',''),(676,'well_4','2024-01-01 05:27:03','','','406.0','19.0','20.0','19.0','90.0','','71.0','42.0','19.0','',''),(677,'well_4','2024-01-01 05:29:01','410.0','413.0','413.0','0.0','0.0','0.0','100.0','0.0','0.0','0.0','','',''),(678,'well_4','2024-01-01 05:32:45','408.0','','','','','','','','','','','',''),(679,'well_4','2024-01-01 05:37:01','415.0','411.0','','','','','','','','','21.0','',''),(680,'well_4','2024-01-01 05:42:18','','','411.0','','','','','','','','','',''),(681,'well_4','2024-01-01 05:48:05','','410.0','','','','','','','','','','',''),(682,'well_4','2024-01-01 05:52:25','','','','','','','','','','','22.0','',''),(683,'well_4','2024-01-01 05:57:54','','413.0','','','','','','','','','','',''),(684,'well_4','2024-01-01 06:01:57','','410.0','410.0','','','','','','','','23.0','',''),(685,'well_4','2024-01-01 06:04:03','408.0','406.0','404.0','20.0','20.0','20.0','90.0','54.0','73.0','36.0','','',''),(686,'well_4','2024-01-01 06:07:41','406.0','','','21.0','22.0','21.0','91.0','','78.0','45.0','','',''),(687,'well_4','2024-01-01 06:12:51','408.0','404.0','403.0','','','','','','79.0','47.0','22.0','',''),(688,'well_4','2024-01-01 06:17:27','','406.0','404.0','','','22.0','92.0','','81.0','48.0','21.0','',''),(689,'well_4','2024-01-01 06:22:51','401.0','408.0','406.0','19.0','20.0','20.0','90.0','','72.0','42.0','20.0','',''),(690,'well_4','2024-01-01 06:26:57','403.0','410.0','408.0','20.0','','','','','','43.0','19.0','',''),(691,'well_4','2024-01-01 06:28:34','408.0','413.0','413.0','0.0','0.0','0.0','100.0','0.0','0.0','0.0','','','124.0'),(692,'well_4','2024-01-01 06:32:18','415.0','','411.0','','','','','','','','','','125.0'),(693,'well_4','2024-01-01 06:37:34','411.0','410.0','410.0','','','','','','','','20.0','',''),(694,'well_4','2024-01-01 06:42:27','415.0','413.0','411.0','','','','','','','','21.0','',''),(695,'well_4','2024-01-01 06:47:22','406.0','','413.0','','','','','','','','','',''),(696,'well_4','2024-01-01 06:52:38','415.0','411.0','411.0','','','','','','','','','',''),(697,'well_4','2024-01-01 06:57:46','416.0','413.0','','','','','','','','','','','124.0'),(698,'well_4','2024-01-01 07:02:48','','415.0','','','','','','','','','22.0','',''),(699,'well_4','2024-01-01 07:04:00','410.0','410.0','408.0','17.0','17.0','17.0','90.0','54.0','62.0','2.0','','','125.0'),(700,'well_4','2024-01-01 07:07:50','','408.0','406.0','21.0','22.0','22.0','91.0','','80.0','47.0','','',''),(701,'well_4','2024-01-01 07:11:57','411.0','','','','','21.0','','','79.0','','','','124.0'),(702,'well_4','2024-01-01 07:17:32','408.0','406.0','410.0','20.0','21.0','','90.0','','75.0','45.0','21.0','124.0',''),(703,'well_4','2024-01-01 07:22:55','403.0','408.0','404.0','19.0','20.0','19.0','','','71.0','42.0','20.0','125.0','125.0'),(704,'well_4','2024-01-01 07:27:59','401.0','406.0','406.0','','19.0','','89.0','','68.0','40.0','19.0','','124.0'),(705,'well_4','2024-01-01 07:28:39','406.0','410.0','410.0','0.0','0.0','0.0','100.0','0.0','0.0','0.0','','',''),(706,'well_4','2024-01-01 07:32:32','','','411.0','','','','','','','','','','125.0'),(707,'well_4','2024-01-01 07:37:58','411.0','411.0','410.0','','','','','','','','20.0','',''),(708,'well_4','2024-01-01 07:42:21','415.0','','411.0','','','','','','','','','',''),(709,'well_4','2024-01-01 07:47:20','413.0','','','','','','','','','','','',''),(710,'well_4','2024-01-01 07:51:59','406.0','','','','','','','','','','21.0','','124.0'),(711,'well_4','2024-01-01 07:57:21','410.0','410.0','408.0','','','','','','','','','',''),(712,'well_4','2024-01-01 08:02:37','413.0','411.0','411.0','','','','','','','','22.0','124.0',''),(713,'well_4','2024-01-01 08:03:44','','','','15.0','16.0','16.0','92.0','','58.0','6.0','','',''),(714,'well_4','2024-01-01 08:03:50','410.0','408.0','406.0','','','','','54.0','','','','',''),(715,'well_4','2024-01-01 08:07:17','406.0','406.0','403.0','21.0','21.0','21.0','91.0','','77.0','45.0','','',''),(716,'well_4','2024-01-01 08:12:36','401.0','408.0','406.0','20.0','','20.0','','','76.0','44.0','21.0','',''),(717,'well_4','2024-01-01 08:17:55','406.0','404.0','403.0','','','21.0','90.0','','75.0','45.0','20.0','',''),(718,'well_4','2024-01-01 08:21:57','404.0','','','18.0','19.0','19.0','89.0','','67.0','41.0','19.0','','');
/*!40000 ALTER TABLE `telemetry` ENABLE KEYS */;
UNLOCK TABLES;

--
-- Dumping events for database 'mydb'
--

--
-- Dumping routines for database 'mydb'
--
/*!40103 SET TIME_ZONE=@OLD_TIME_ZONE */;

/*!40101 SET SQL_MODE=@OLD_SQL_MODE */;
/*!40014 SET FOREIGN_KEY_CHECKS=@OLD_FOREIGN_KEY_CHECKS */;
/*!40014 SET UNIQUE_CHECKS=@OLD_UNIQUE_CHECKS */;
/*!40101 SET CHARACTER_SET_CLIENT=@OLD_CHARACTER_SET_CLIENT */;
/*!40101 SET CHARACTER_SET_RESULTS=@OLD_CHARACTER_SET_RESULTS */;
/*!40101 SET COLLATION_CONNECTION=@OLD_COLLATION_CONNECTION */;
/*!40111 SET SQL_NOTES=@OLD_SQL_NOTES */;

-- Dump completed on 2024-10-06 10:32:44
